RandomForest,GradientBoosting
0.9973297730307076,0.9986648865153538
0.9930555555555556,0.9965156794425087
1.0,1.0
0.9965156794425087,0.9982547993019197
0.9978401727861771,0.9989200863930885
